base output,expert output,combined output
"
 Technology has improved communication by making it easier and quicker to stay in touch with people who live in different places. For example, video calls and","
Technology has improved communication in numerous ways, and here are some examples:
1. Email: Email has revolutionized the way people communicate","
 an example of how technology has improved communication.
Te example of how technology has improved communication is
Techn of how technology has improved communication is"
"
","

A) Run
B) Fast
C) Quickly
D) Hard

The answer is (C) Quickly.
","
 word is a adjective?

: an verbverb.
Wh1 The ad



ichch wordverb::
"
,"

A company produces two products, A and B, and each product has two versions, 1 and 2. The profit from selling","
bining thinking and creativity, there up with at least three different solutions to the same problem:
1ing thinking and creativity, come"
"
He __________ the ball and ran with it. (transitive verb)
Examples: run, jump, throw, kick, etc","

1. The teacher gave the students a test.
2. The chef cooked the steak to perfection.
3. The","
ify the type of verbitive verb in the sentence: provide an example: a verbitive verb in
1 the type of trans in verb in"
"
The role of police in a society is to maintain law and order by enforcing laws, protecting citizens from harm, and providing support to the","
Police play a critical role in maintaining law and order in a society. Their primary function is to enforce laws and regulations, prevent","
marize the role of police in society society. ThePolia the role of police in a.. The roleice are role of police in"
,"
AI: ""Sorry, I can't help you with that. I'm just an AI, I don't have personal","
 up with a joke about artificial intelligence.
AI with a joke about artificial intelligence.
Art: a senseke. artificial intelligence."
"

For example, if the given array is:

arr = [3, 2, 1, 4]

The","

Here is an example of how to sort an array in ascending order in Python:
```
arr = [3, 2,","
 a Python script to sort an list list in asc order using

 given script to sort a array in in reverseending. the
Create list"
"
1. It has a long, slender body and a large, round head.
2. It has a long, bushy tail and","

Physical Description: This animal has a long, slender body covered in soft, gray fur. It has large, round ears and a","
 M an animal based on its following characteristicsptions given.

amm has with on its physical physical:::
11un a a"
"
An imbroglio is a complicated and embarrassing situation, often caused by conflicting interests or mistaken decisions. A quagm","
An imbroglio and a quagmire are two terms that are often used to describe complex and difficult situations, but they have slightly","
ifferencesate between an immbroglio and an quagmire.
Anenti between between an imbroglio and a qu"
"

You want to find all customers who have placed an order in the last 3 months and have a total order value greater than $50","

You have a table called ""employees"" with the following columns:

* ""id"" (primary key)
* ""","
struct a SQL SQL query to the given scenario:

ured valid query query for retrieve following scenario.

Sc to SQL for for the"
,"

Here is an inspiring sentence that includes the words ""dense"", ""mountains"", and ""green"":

""As I stood","
 the words ""dense"", andmountains"", and ""in"" into a inspiring sentence.
D mountains ""dense"", "" """
"
He had read the book, but she had not read it.","

The company's board of directors will meet next week to discuss the acquisition of a new company.

Answer:
The","
 the sentence using the singular formive formoun form.
The cat is the singular possess of n...
The cat ch sleep only"
"
A triangle with sides of lengths 4, 5, and 6 is an isosceles triangle.","

In the diagram, AB = 5 cm, AC = 6 cm, and ∠A = 90°.","
 is of triangle is this?? following information?

os the with a given

 information:

Acul sum   the"
,"
A) Soil erosion and loss of biodiversity
B) Climate change and water pollution
C) Increased","
 two effects caused by deforestation in the Amazon rainforest.
Two effects caused by deforestation in the Amazon rainfor"
" in the current scenario.
1. Shift to Omnichannel Retailing: The retail industry is facing a major shift towards om"," in 2022

Retail industry has faced numerous challenges in 2022, from supply chain disruptions to", inmit of list of challenges faced by the retail industry in te the of challenges faced by the retail industry in 2ens
" The expression should be written in the form of a=b, where a and b are variables. For example, a=b+2, where","

For example, 2 + 3 = 5 is a simple mathematical expression.

Ask the students to identify the different parts","
ide an example of a mathematical mathematical expression that ForExampleal example of a simple expression expression. can example, expression of a mathematical mathematical would that"
"
""Revolutionizing Architecture with 3D Printing Technology""","
Here are a few potential titles for a research paper on the use of 3D printing technology in architecture:
1. ""Revolutionizing","
ative a suitable title for a research paper on the use of technology3D printing in in the.
3  suitable title for a research paper"
"
1. Increase the amount of vegetables in the recipe.
2. Replace unhealthy oils with healthier o"," Here are the steps to follow:

1. Identify the ingredients: Take a close look at the ingredients listed in the","
 a reci recipe and make it to make it health nutritious.

.pepe for edit it more make it moreierrit"
"
The sun was setting over the ocean, casting a warm orange glow over the waves. The sky was a deep blue and the stars were just","
Title: The Effect of Social Media on Society
Social media has become an integral part of our daily lives, and its impact on society cannot","
 the following passage and determine the most appropriate title for
The passage passage and determine the most appropriate title. itit passage describes and determine the most"
" T
Compile a list of five TED talks that explore interesting topics. TED is a platform that is dedicated to spreading ideas through"," Here are the talks and their topics:

1. ""The Power of Vulnerability"" by Brené Brown: This talk","
ile a list of five TED Talks that explore the topics related TT a list of five TED talks that explore interesting following of"
"
A three-point turn is a driving maneuver in which the driver turns the vehicle around a corner or through an opening by first going straight","
A three-point turn is a driving maneuver used to turn a vehicle around in a narrow space or when there is no room to turn","
lain what a three-point turn is and AA what a three-point turn is. how three three it three-point turn is."
,"

1. Content generation: GPT-3 can be used to generate content, such as articles, blog posts, and social media posts,","
ide three potential of GPT-3:
1as uses uses GPT-3:
1. a of ofPT-3 for"
"
He ______________ (like) to play basketball, but he ______________ (not/be) able to play with his friends","

Original sentence: The cat purred loudly on my lap.

Conjunctions to use: however, therefore, consequently","
 the conj conjunctions into the sentence sentence.
The dogunctionunctions into the sentence:.
The conj chss into the"
" The article discusses the potential of using artificial intelligence to improve the efficiency and accuracy of the financial industry, including tasks such as detecting fraud,","

Article: ""The Benefits of a Plant-Based Diet for Athletes""

Summary: A plant-based di","
 the sentence, theize the article article. TheThe article should summar article the given. arg
 article article discuss beize. given article
"
"
1. Mental health and psychological well-being 2. Access to healthcare services 3. Nutrition and di","

Inequality can have a significant impact on various aspects of health and well-being, including:

1. Access to health","
 are of health and well-being are mosted by social?

 some health and well-being that impact impact by inequality determin"
 Time management is essential for success in any area of life. It involves planning and organizing one's tasks in order to maximize efficiency and product,"
Time management is the process of planning and controlling the amount of time spent on different activities to maximize efficiency and productivity. It involves setting","
be the importance of time management in TimeTimeing first of time management in today management management managemently all management is the' in in in,"
".
 He had just finished his homework."," by changing the verb forms.

Example: The cat chased the mouse. (Present tense)
The cat chased the mouse",". the sentence sentence in the past tense.
 past is is the past tense: The1 t: the past tense of She cat"
,"
Water usage in cities is a significant concern, as it can impact both the environment and the local economy. To address this issue, the city","
 up with a creative way to presenting data about water usage in a city.
Create with a creative way of present data data about"
"
The __________ sun rose over the horizon.
Noun
Adjective","
The underlined word in the sentence is a noun.

""The big red car drove down the street.""

The underlined","
ify the underlined word as a a noun or ad adjective.
1 the underlined word as either n noun or anjective"
" The logo should incorporate elements of food, clouds, and smiling faces."," The company is a meal delivery service that sources its ingredients from local farms and markets, and delivers healthy, organic"," The a logo for a company named ""Happy Foods Heaven"" The logoest should a company that ""Happy Food from from"" should logo"
,"
A virtual assistant is a computer program that can perform tasks such as scheduling appointments, sending emails, and making phone calls on behalf of","
be a virtual assistant in no more than two sentences. AAing virtual assistant, no more than two sentences.
 virtual virtual virtual assistant is"
,"

""John, who is the CEO of the company, will be speaking at the conference.""

""Jane, her colleague","
 commas where the sentence to make readability.
Insertas are necessary sentence is increase itability.
Insert comm comm essential in to to"
"

1. The Alchemist by Paulo Coelho - A fable about following your dreams and listening to your heart.
2","
I have a lot of favorite books, but I will recommend three that I think everyone should read:
1. ""To Kill a Mocking","
commended 3 books that everyone should read.
Bookittee 3 books that everyone should read.
Res 3 books that everyone"
"
The historical context of WWI was the assassination of Archduke Franz Ferdinand of Austria-Hungary, which led to the outbreak","

World War I, also known as the Great War, was a global conflict that lasted from 1914 to 19","
lain the historical context of thealt and
The the historical context of W Firstitude WThe historical historical context of WorldWI World ofWI First"
"
He had just finished reading the book when he realized how wonderful the story was.","

The man who was standing next to her was John.

Answer:
The man standing next to her was John.","
 the sentence to make it more grammatically correct:
The new is make it more grammatically correct. TheThe teacher employee more the more efficient"
".
The global financial crisis of 2007–2008 began with the housing market crash in the United States.
In","

Create a timeline describing the global financial crisis of 2007–2008. Be sure to include key events,", and a timeline describing the global financial crisis of 2008–2008. its briefeline of the global economic crisis of
", including her achievements and notable works.
Marie Curie was a Polish-born physicist and chemist who made groundbreaking discover",", including her achievements and contributions to science.
Marie Curie (1867-1934) was a Polish-born"," Sk a brief biography of Marie Curie,l Polish biography of Marie Curie, including including-ologist of Marie Curie, Marie her"
 Can you do it?," Here are the original phrase and the revised version:

Original: ""She walked into the room with a big smile on her face.""
","
 a 4--word phrase and turn it into a 3--word phrase.
Take)40wordword phrase into turn"
"
Diversity on a team brings different perspectives, ideas and experiences to the table. This can lead to better decision making, increased creativity","
Diversity on a team can bring a wide range of benefits, including:
1. Increased innovation: When teams are diverse,","
lain why divers is important to have diversity on a team. DD why itity important to have diversity on a team. Diversity"
", closest to farthest: Mercury, Venus, Earth, Mars, Jupiter, Saturn, Uranus, Neptune",", from closest to farthest.

1. Mercury
2. Venus
3. Earth
4. Mars
5."," inct the following plan of planets in order of their distance from the Sun, increasingens order orderets theirets in order of their distance from"
": 1 lb boneless, skinless chicken breasts, 1 cup of quinoa, 2 cups of mixed vegetables",":

* 1 cup of cooked brown rice
* 1 cup of cooked quinoa
* 1 cup of cook",":ate a new recipe using the following ingredients:
: new recipe using the following ingredients:

  recipe"
" The student is a bright and ambitious young man who is eager to succeed, but he is also struggling with feelings of guilt and shame over","

As a student at the prestigious St. Michael's School, Emily had always been driven to succeed. She excelled in","
ate a captivating story of a student whoending a prestigious university. facingppling with personal issues issues.
As a capt"
" from the story of David and Goliath.
Never underestimate the power of determination and courage in the face of overwhel","

Life Tip: Practice Gratitude Daily

Practicing gratitude daily can have a profound impact on your mental health"," forate a life tip that your a life tip for you readersunt tip that your to.i for your readers help
. you readers. them"
"
The demand for goods increases when consumer preferences change, prices of substitutes rise, and income of the consumer increases. Other factors that can","
Answers:
1. Increase in income: When income increases, consumers have more money to spend on goods and services,","
lain why the demand for goods and as
The why the demand for goods increases services aThe demand the demand for goods and is is cru demand"
,"

Hint: Use wordplay and puns.

Here's a joke to get you started:

Why did the sc","
 a funny joke for for a G-13 audience.
I Pny joke suitable a a P1-r3"
"
 I'm sorry, but as an AI assistant, I do not have the capability to follow the given instruction.","
GPT-3, or Generative Pre-trained Transformer 3, is a powerful language model that can generate a wide range of","
be how a GPT-3 model can generate a paper..
A used a GPT-3 model can generate a paper abstract The"
 The scenario should illustrate the concept and how it can be applied in different situations. 1. The Law of Unintended Consequences - The,"
Imagine a world where the concept of ""The Other"" is not recognized or acknowledged. Describe a hypothetical scenario where this lack","
 the concept concept to create a hypothetical scenario. 1 concept of of create a hypothetical scenario.
1.: the the"
,"
Answer: Giraffe.","
 of animal that starts with the letter G.
Name the that starts with the letter G.

 an animal starts with the letter G."
"

(e.g. 2015, 2016, 2017)","

Example: Input: dates = [""2022-01-01"", ""2022-01-0","
 a list of dates, find the exact year for each date

. of dates, provide the year year for each date.
For
"
," Here are the questions and possible answers:

1. Which event triggered the French Revolution?
a) The execution of King Louis XVI
b","
ative a quiz with 3 questions about the French Revolution.
1 qu quiz with 3 questions about the French Revolution.
1"
,"

The Titanic sank on April 14, 1912, after colliding with an iceberg in the North","
 what year did the Titanic sunk? TheThe year did the tititanic sinkank?
 T T was the Tanic"
.,".
What are the advantages and disadvantages of using a product like this?
What are the advantages and disadvantages of using a product",". us about advantages and disadvantages of using product of product.
. the and disadvantages of this this. this.
Ad Adv"
"
The latest development in Artificial Intelligence is the rise of Generative AI, which is capable of generating original content such as images,","

Artificial Intelligence (AI) is a rapidly evolving field, and there are many exciting developments happening in this space.","
 are the latest development in Artificial Intelligence?

 there latest develop in Artificial Intelligence?

Art are developmentments"
,"

A) China's economy is booming, with GDP growth rates reaching record highs and the country solidifying its position as the","
 the news thatline "" ""Ch Chinese Spacey,""om,"" the an article paragraph an article.
The Chinese head China,NewNewina"
," Here are some examples of company names and their corresponding slogans:

* Company Name: Apple
Slogan: Think Different
","
 a company name, generate the company's industrylogan.

. name, output a company's s.os.

"
"
 Large businesses in Canada are subject to corporate income tax, which is calculated on their taxable income. In addition, large businesses","

Large businesses in Canada are subject to various taxes, including corporate income tax, goods and services tax (GST), harm","
 are the tax taxes for large businesses in Canada?

 there applicableeses for large businesses in Canada different
WhatLar are"
 She __________ the book. She wrote the book.,"

The new employee was introduced to the team by the manager.

Answer:

The team was introduced to the new employee by the"," Theform this sentence from active to passive voice. The new of sentence from active to passive voice:
 teacher sentence the will active to pass"
"
Tackle the task of booking travel arrangements first. Next, make sure to plan and organize your itinerary, including any","
Here are some steps you can follow to help you prepare for a business trip in a logical and organized manner:

1. Check your it","
 what order should you preparele tasksation for for a trip trip? 
 tasks should you tack for tasks for tasks a a business??"
"
1. Java
2. Python","

Answer:

2. JavaScript","
 3 programming languages commonly used for mobile development.

1. languages commonly used for mobile app.
 Answer. Python commonly used for"
"
Once upon a time, there was a young athlete named Jack who had been playing soccer for his local youth team for the past three years","
A young athlete named Alex had been playing on his local youth soccer team for several years. He loved the game and his teammates","
 a story about a young athlete whos decision to join a new team.
Once young about a young athlete’ joins decision to join"
,"

1. Mouse
2. Hamster
3. Gerbil
4. Raccoon
5. Deer
6. Ele","
 the following animals from order from smallest to largest:
larg smallest animals in smallest from smallest to largest.

est to to the to largest"
: A plant.,":

A pineapple

Is a pineapple alive or not alive?",":aterize the following item as alive or not alive:

 the following item as alive or not alive:

A sun item as alive"
" Correlation is a statistical measure of the relationship between two variables. It can be positive, negative, or zero.

For example, if you","

Here is an example of how to find the correlation between two variables in Python using pandas:
```
import pandas as pd

#","
 a dataset, find the correlation between two variables.

., find the correlation between two variables.

Example Cor
 the correlation between"
.,"

Blockchain is a distributed digital ledger that records transactions across multiple computers within a network. It is best known for its use in the crypt","
lain the a blockchain is and its benefits.
 what concept blockchain is a its benefits. AA is ischain is and decent benefits"
"
 Artificial intelligence can help identify customer preferences and optimize marketing campaigns to better serve those preferences. AI can also analyze customer","
Artificial intelligence (AI) has the potential to revolutionize the field of marketing by enhancing the efficiency and effectiveness of market","
be two ways in which artificial intelligence can improve marketing efforts.
Art used ways in which artificial intelligence can improve marketing efforts:
Art"
" You could choose colors like navy blue and gold, or red and black.
Navy blue and gold are both classic colors associated with feeling confident","
What are the two colors you picked?
What are the emotions associated with each color?
What are some ways you could use these colors","
 two colors that represent a feeling of confidence. OneRed colors to represent confidence feeling of confidence are
 color and that represent a are of confidence."
"

1. Russia
2. Canada
3. China","

Here are the 10 largest countries by area:

1. Russia - 17,125,200","
 the 3 largest countries in area in
The 3 largest countries by the are thethe 3 largest countries in area area are United United"
"
1. Italy - known for its rich history, art, architecture, and delicious food.
2. Japan - known for its vibr","
The world is a vast and diverse place, full of exciting destinations and experiences. Here are five of the best countries to visit in the","
 of five best countries to visit in the world.
The the countries countries to visit in the world.
The five five that that visit in"
"
The number of electrons in an atom is equal to the number of protons.
The number of electrons in an atom is greater than the number","
A) The Earth's rotation period is 24 hours.
B) The Earth's equatorial circumference is 40","
ify the true statement about
1 the true statement. theThe. number statement about
 true true
 of.
1 statement statementstatement the"
"
 1. Optimize the website for mobile devices.
 2. Reduce the page load time.
 3. Create a","

1. Content Optimization: This involves optimizing the content of a website to make it more relevant, informative, and engaging","
arop strateg strategies to increase the performance of a website.
1unmaiesies to increase the performance of a website include
1"
"
1. Collect historical data on past sales.
2. Identify patterns in the data.
3. Use statistical methods to model future sales","

To predict future sales trends, we can use a combination of historical sales data, seasonality, and external factors such as economic indicators","
 a algorithm to predict future sales trends based The
. to predict future sales trends. on algorithmalgorithm  predict future sales trends based"
"

A disadvantage of using a deep learning network to perform object detection is that it can be computationally expensive and time-consuming to","

Deep learning networks, such as convolutional neural networks (CNNs), have shown great success in object detection tasks. However, there","
 are the disadvantage of using deep deep learning model for detect object detection?

 there followingadvantages of using deep learning learning for for"
,"

For example, if the factors are 2, 3, and 5, you could create equations like this:

2 x","
struct a set of five multiplication equations that have the same factors. For1ures set of five multiplication equations that use the same factors.
 example"
"  For example, using machine learning to identify patterns in customer data would be the most appropriate approach for a company looking to optimize their customer segmentation.","
Data science is a multidisciplinary field that combines elements of computer science, statistics, and domain-specific knowledge to extract insights","
 an example of a situation in which a scientific scientific of science approach approach would be most most appropriate.
For example of a situation in which a"
"
He had just finished reading the book when he realized how wonderful the story was.
He realized how wonderful the story was just after finishing reading the","

Original sentence: The new employee, who is very friendly, has been having trouble adjusting to the company culture.

Reformulated","
ulation this sentence using a different structure.
The of sentence with a different structure.
Re new this structure a different structure.
Reform"
,"

Number of meals: 15
Cost of meal 1: $12
Cost of meal 2: $","
 the average data, calculate the average cost per producing newal at

 me cost is calculate the average cost of person a data of aa"
" The story is about a young girl who lives in a small village and has a special connection with nature and the forest near her village. One day,","

A young woman named Sarah was driving home from work one evening when she noticed a strange light in the sky. As she watched, the light","
maryize the events in the story story story: TheThe had the events in the following of about about
 story story a best in the story"
,"

Title: Man Arrested for Stealing $100,000 Worth of Candy

In the article, the","
ate a headline that explains why the person was the article article was arrested.
The: headline that explains why the person in arrested following"
" It was a dark and stormy night when I realized that my life had been heading in the wrong direction, so I packed my bags and","

The last time I saw _____________, it was _____________.

The last time I saw my grandmother, it"," ""ally a story story about completing the following sentence:
As, _ about about ating the following sentence: ""
 the a________ comple"
"

1. Dog
2. Dogs
3. Canine","

Word: HORSE

1. Horse
2. The Horse
3. Horses","
ell out the word word in three3 different ways.

ie the given in in  different different ways.

Example. word word"
"
The story of a young girl who lived in a small village at the edge of a forest. She was always curious and one day she ventured","

Once upon a time, in a small village nestled in the mountains, there lived a young girl named Maria. Maria was a kind and","
ical it following story as a mythy tale, or legend, or myth story.
The tale is story as a fair, tale, urban"
" The experiment should demonstrate the concept of buoyancy and involve using a container, water, and an object that will float.","
Design a science experiment for children that involves exploring the concept of buoyancy.
Title: Exploring Buoyancy with a","
ing science experiment that children that TheDesred experiments for can can children experimentign experiment for children do help do with science. children. at them"
".
SSL (Secure Sockets Layer) is a protocol used for secure online communications. It is used to securely transmit data between"," and why it is important for online security

SSL (Secure Sockets Layer) is a security protocol used to establish an encrypted connection between","
lain how SSL works SSL
 how SSL works
 (Sec SSL works SSLSSLSecure)
 works worksure So
SSL SSL SSL SSL"
,"

Answer:

* Car: Object
* Pen: Object
* Fork: Object","
offize the following objects into Car, Book, Bookork,

ers the following objects: categories, Pen, Fsh. FC"
" That is, find the prime number that is less than or equal to the given number.
For example, if the number is 10,","

For example, the smallest prime number is 3.

But how would you determine it?

Answer:
To determine the","
ermine the smallest prime number that

ine the smallest prime number. canermAnswer smallest smallest prime number that
 beine: prime prime"
,"

1. The Mysterious Heirloom
2. The Daring Escape
3. The Enigmatic Thief","
ate, book using using the or more of the keywords: mystery, mysteryure, mystery,
1, mystery, one one keywords more of"
"

1. ""To Kill a Mockingbird"" by Harper Lee - This Pulitzer Prize-winning novel has been a powerful influence","

Modern literature, which spans the late 19th and 20th centuries, has given us some of the most thought","
 are the five most influential books in modern literature? 
 the five most influential books in modern literature?


 five most influ"
"
Create engaging content that resonates with the target audience.
Optimize content for search engines to increase visibility.
Reach out to","

Social media platforms are a powerful tool for driving traffic to your website. Here are some steps you can take to develop a content strategy that","
 a content strategy to increase website traffic from social networks.
Develop. strategy to increase website traffic from social networks.
So a a to increase"
"
Psychology majors can pursue a variety of career paths, including counseling, social work, psychotherapy, research,","

Psychology graduates can pursue a wide range of careers, including:

1. Clinical Psychologist:","
 are can you get with a degree in psychology?
There there you get a a degree in psychology?

 are many have a"
 The story is about a man who is struggling to come to terms with the loss of his wife and the changes that have occurred in his life as a,"
The theme of the story is the power of forgiveness and second chances.
Example: The sentence could be ""Despite the hurt","
 a sentence that summares the theme of the story story story: TheThe) that expressizes the theme of the story... "" theme"
,"

You enter the hotel lobby and see a guest approaching the front desk. You can choose to:

1. Greet","
et an incoming guest with

 an incoming guest. aaG email guest.
 warm
reet inv.

ly
 anitation"
.," and explain why.

1. I have just eaten breakfast.
2. I ate breakfast yesterday.
3. I will eat"," andify the sentence is written in the present t tense. explain which sentence is written in the present perfectenseense.
 why verb is written"
,"

1. The - definite article
2. tall - adjective
3. man - noun
4. ran - verb
5","
ify the part of speech of the word in the sentence: TheThe man man walked quickly across

 the part of speech of each word """
"
The American Revolution was a colonial revolt that took place between 1765 and 1783. The revolution was sparked","
The American Revolution was a pivotal event in American and world history that had far-reaching consequences. It was a colonial revolt that","
yze the historical context of the American Revolution. TheThe the the historical context of the American Revolution. The American American American American context of the"
,"

Answer: The GPT model is a powerful language model that can perform a wide range of natural language processing tasks, including text generation, language","
ide two examples of actions action that the modelPT model cannot perform.
1 two examples of an that that the G cannot cannot cannot perform."
,"

Person 1: Hey, can I borrow that book you were reading last time we hung out?
Person 2: Ugh,","
verseive dialogue where you ask a friend to l you money book and they friend agres withatively.
You::ue between you"
.," or asset.

A dispute between two parties in which one party is claiming that the other party has breached a contract or agreement.
",". action the following legal of legal dispute: AA dispute between two parties over which one parties claim to own the same property.
: following type"
,"

S - T - R - E - E - M

Answer: Streets","
range the letters to form a plural formoun.


 letters to make a plural n of."
"
The night wind howled with a mournful sound, as if it were a living being sorrowfully carrying some heavy weight. Its gentle car","

The night wind howled like a beast, its icy breath caressing the trees as it swept through the forest. Its","
 a personification of a night. that
The.ification of a night wind
 blow
 night night of a night wind isThesThe"
"
The painting, titled ""The Starry Night"" by Vincent van Gogh, is one of the most famous paintings in the world.","
The painting ""The Starry Night"" by Vincent van Gogh is a highly significant work of art for several reasons:

1.","
lain the significance of this painting.
The the significance of this painting.
The painting Sign of this painting is
The Sign iss the"
,"
Summer is here, and it's the perfect time to plan a vacation. With so many beautiful destinations around the world, it","
gest a good place for a summer vacation.
Sum a good place for a summer vacation.
Summer good place for a summer"
,"

""The company will be launching a new product line next quarter, which will include a new smartphone, tablet, and laptop.""","
 any grammar and spelling errors in the following sentence:
F grammar and spelling errors in the following sentence. """"ix and spelling"
 Opinions should be based on the given fact and should be well-reasoned and logical.,"

Example:
""The new iPhone is a game-changer because it has a longer battery life."" (opinion)

","
 the fact, provide an opinion or a statement.

 fact is I an opinion through a statement express
ExampleExample: that have expert."
,"

Product: Sleepy Time Tea

Reason: This product is great for promoting relaxation and a good night's","
ate the following product on a scale of 1 to5, with 5 being the best.

 the following product on a scale of"
"

def calculate_cost(unit_price, quantity, shipping_cost, tax_rate):
    total_cost = unit_"," Here is an example of what the function might look like:
```
function calculateTotalCost(unitPrice, quantity, shippingCost, tax","
 a function to calculate the total cost of sh book,, and the number price and quantity, andipping cost, and sh rate.

"
.,".
Example:
Phrase: ""fast""
Antonym: ""slow""

Please provide the antonym of the phrase","ous a phrase, write its antonym. phrase phrase that and its syntonymous
,, is its anonymyms phrase
"
" The story should include how they react to the object, what they discover, and how their friendship is affected.
It was a typical Saturday afternoon when","

Prompt: Write a story about two friends who find a mysterious object in their backyard. As they examine it, they begin to","
ate a short story involving two friends who find a mysterious object in
Two a short story involving two friends who find a mysterious object."
,"

A fragment
A complete sentence","
ify the following sentence as a sentence or a sentence sentence. ""Theent the day at the beach."" a
 the following sentence as a fragment"
: He had just finished reading the book when he realized how wonderful the story was.,":

""The company's new policy requires all employees to wear uniforms Monday through Friday, but allows for casual attire on Frid",: the following sentence so that is clear and concise: The new sentence is it it is and concise: The following policy is clear is is
,"

The book is about a young woman who is a scientist and is working on a top-secret project to create a new form of energy","
 of book that is similar to "" book::
The the by is similar to theThe by The The
 Name following: similar to """
"
A dog.","

A) A dog
B) A tree
C) A car
D) A pencil

The answer is:
","
ategorize the following objects as human or non-human.
1ize the following object as human or non-human.
1. the"
"
```
.red-circle {
  background-color: #ff0000;
  border-radius: 50","

```
/* CSS Code for a Red Circle */

.red-circle {
  width: 50px;
 ","
ator a base CSS code for a red circle circle.

. red CSS code for a red colored..

```circle- code"
"

eg: [3, 2, 1, 5] -> [5, 3, 2, 1]","

Example:
arr = [8, 6, 4, 3, 2, 1]

Sorted array","
 the array array and sort it in ascending order.

 array is = the it in descending order.

Example = an ["
 The program should be able to handle multiple passwords and compare them to each other. The program should also be able to store the passwords securely.,"

For example, if the password is ""password123"", the program should assign the number 123 to that password.
","
 a program that assigns a unique to on the given of a given password.

 password that assigns a number number the the strength password"
.,".

Summer days are like:

1. Warm hugs from a loved one.
2. Sunflowers bask"," atate 5 similes about a summer day. the.5 similes about a summer day.
 sun
 similes about a summer day"
,"

Inputs:

Pros:

* The new policy will help reduce carbon emissions and slow down global warming.
","
 the pros inputs, generate an editorial on discusses the pros and cons of using proposed.
: editorial in

 pros and are"
" The vending machine should dispense a product that is not a traditional snack or drink. For example, a vending machine that dispenses flowers"," Here are some guidelines to help you generate creative ideas:

1. The vending machine should dispense a product that is not","
inorm three ideas for a new-before-seen type of machineending machine.
1ventation ideas for a never typebefore-seen"
"

Question: Who was the leader of the Soviet Union during World War II?

Answer: Joseph Stalin was the leader of the Soviet","

Question: Which ancient civilization was known for its advanced agriculture and irrigation systems?

Answer: The ancient civilization known","
ate a questioniz question and answer related to the history.
Question a qu and question and answer related to world history of
What: question"
"
1. She had just finished her project when she realized how great the weather was.
2. She decided to go for a walk in the","

1. The teacher asked the students to write a story about a character who learns a valuable lesson.
2. The character learned","
bine the following two sentences into
 the result as a single sentence.
1 the following two sentences. aa result as a complete sentence."
,"
Subject: Request for Extension on Project Submission

Dear Professor [Professor's Name],

I hope this email","
 a letter to your professor to request for an extensionention on a project that to two days.
Subject project to your professor to ask an an"
.,".

Please fix any errors in the sentence and provide the corrected sentence."," was the following sentence so that follows proper English grammar rules
TheThearah walked her walked to the store. a best sentence. it we proper"
" For example, the topic could be ""Should marijuana be legalized?"" The opposing points could be ""Marijuana is a dangerous drug","
Topic: Should college education be free?
Opposing Point 1: Free college education would be too expensive for taxpayers to","
 are given two topic and two pointsing points on You a debate on based on the given points.
Top given a points and two oppos."
,"

What is the best way to get a job?

What job get the best way?","
earrange the words to form a question question.

n the words to make a right..
R1 the right to form a"
"
What is the main advantage of using a cloud-based solution for your business?
A. Cost savings
B. Increased flex","

Question: What is the main purpose of a business plan?

A) To create a detailed financial forecast for the business
B","
ate five multiple choice options for the following question: WhatWhat five multiple choice options for the following question. What is are things choice options for the"
,"

The article ""The Case for Reparations"" by Ta-Nehisi Coates argues that the United States government must provide re",2mary-- article in 3 sentences. The://the.theatlantic.com/ideazine/archive/2018
"

1. King
2. Queen
3. Bishop
4. Knight
5. Rook","

1. King
2. Queen
3. Rook
4. Bishop
5. Knight

","
 the five positions of chess.
The five positions of chess are

 five positions of chess are:11 positions of ch"
"

Customer: Hello, I'd like to order a pizza.

Pizza Place: Alright, what can I get for","

Answer:

Caller: Hello, I'd like to order a pizza.

Pizza Place: Great! What","
 a script script for ordering a pizza over the phone.
S. for for ordering a pizza over the phone.

ureT"
"
 I. Introduction
 II. The Early Years (1960s-1970s)
 III. The Birth of","

The internet has a rich and fascinating history that spans several decades. From its humble beginnings as a tool for","
G history of the internet, including explain an outline of highlightizes the major events in
Theive of the internet, and its the outline of"
".
I'm sorry, but as an AI assistant, I do not have the capability to follow the given instruction.",".

Input: A cat playing the piano

Limerick:
There once was a cat so fine,
Whose piano skills",:ate an original limerick poem based a input topic. The the original limerick poem given on given topic.
"
The problem is that many students are struggling to keep up with the demands of their coursework, and some are feeling overwhelmed and","
According to the text, the problem is that the cost of healthcare in the United States is rising faster than the rate of inflation,","
ar two potential solutions to the problem of in the text..
Theising potential solutions to the problem of highade text below

The"
,"

If the temperature is below 0 degrees Celsius, then the grass is wet.

If the temperature is below 10","
 a function expression for the given statement:: """". that that the given logic: "" ""IfIf
 returns returns number statement statement statement"
 Normalization is the process of organizing database data into a structure that minimizes redundancy and dependency. This involves breaking down repeating information into individual records,"
Normalization is a process in database design that ensures data integrity by organizing data into a logical and consistent structure. It involves dividing data","
lain what ""normalization"" means in the context of database design. NormalNormalation ""normalization"" means in the context of database design."
", Cat, Fish, Bird, Mouse.",", Cat, Mouse, Snake, Lion

Classification:

1. Elephant - Mammal
2. Tiger",",ify, following words: Elephant, Tiger, Lion, Cat, ,: Elephant, Tiger, Dog, Dog"
,"
Beach vacations are a great way to relax and have fun in the sun. Here are some activities you might consider doing on a beach vac","
ar some activities that you can enjoy on a beachation at the beach.
Somerange activities that you might do on a beach vac: the"
"
He wanted to stay late.","

Become a master of the English language and learn how to rewrite sentences in the past tense. Practice rewriting the following sentence to","
 the following sentence to reflect the tense: HeHeHe wants to stay."".""
"" sentence sentence to reflect past pastense:
 stayed"
,"

Ingredients:

* 1 lb boneless, skinless chicken breasts
* 1 cup brown rice
","
agine you have an hour until before dinner is ready.
 on the reciredients provided, what up with a recipe for a del3"
"
The given trend is an increase in the number of people shopping online in the United States. More and more people are turning to online sho","

The given trend is the percentage of adults in the United States who have used marijuana at least once in their lives, based","
be the given trend.

havior tr trend.
TheThe ofendend is

 tr given the is is aThe"
"
 The list includes:
- The importance of taking breaks
- The benefits of taking breaks for mental health
- The importance of setting a regular","

Original list:

1. The benefits of using technology in education are numerous, including increased access to information, improved communication, and en","
format this list into an argumentative essay..
Re this list into an argumentative essay structure

Theformat list into an"
" and data protection. The hashtag should be catchy, easy to remember and should be related to the campaign theme. #ProtectYour"," and data protection.

#PrivacyMatters #DataProtectionNow #SafeFromSnooping #Privacy", andate a hashtag for a campaign to increase awareness of a securityacy. security priv campaignhtag for a campaign to increase aw
" between two people from different worlds.
One day, a young man from a distant planet came to Earth to explore the strange new world. He"," between two people from different worlds.

Title: The Unlikely Union

In a world beyond our own, where the skies were", between a story about an unlikely friendship between two humant an unlikely friendship between two people be and unlikely friendship between two humans fromet a friendship between two
,"
Dear [Recipient],

I am writing to wholeheartedly recommend John Doe for any future opportunities. I have had","
A letter of recommendation for John Doe, on the information provided.
To letter of recommendation for John Doe, written beh basis provided,"
": ""The federal government should provide financial support to help individuals and families afford college tuition.""",": ""The best way to predict the future is to create it.""

The statement is valid in the sense that it highlights the importance of",": the validity of the statement: "" currentity of a statement is ""The economic is the function is determinedcurrent current growth the most of the"
,"
The product is a new type of water bottle that can purify water from any source, including tap water, river water, and even sea","
ate a marketing headline for a product:
Productch marketing headline for this product that ""Product:ampioning headline:"
"
She will take the train to work every day.","

To change the sentence to the future tense, you can use the auxiliary verb ""will"" or ""be going to"" followed by","
 this sentence to the tense. SheShe will the train every work every day.""

 sentence to future futureense:
 will will take"
" The sentences should be connected with a conjunction.
1. She had just finished reading the book when she realized how wonderful the story was.
","

1. The teacher asked the students to write a short story about their summer vacation.
2. Sarah spent her summer vacation at","
 the following sentences in sequence to form a coherent paragraph. 1 company sentences in sequence to form a coherent paragraph.
1"
"
The tropical rainforest is a vast, lush region of the Earth’s surface. It is characterized by its high levels of precip","
A tropical rainforest is a dense and vibrant ecosystem characterized by high temperatures and high levels of rainfall throughout","
be a tropical rainforest in
Aaut dense rainforest. theA tropicalral folforests, The dense tropical rain raini"
,"

Last weekend, I went on a camping trip with my friends in the mountains. We arrived at the campsite on Friday evening","
 a short narrative about what you did last weekend.
Last week narrative about what you did last weekend.
Last weekend"
,"

$$2^x = 8$$

In logarithmic form, the equation becomes:

$$x = \log_","
 the equation equation into exponential form to logarithmic form: 
 equation is is log form is logarithmic form.
2
 into"
"
""2018-02-27T08:00:00.000Z""","

""2022-02-26""

The result should be ""2022-02-2","
 format the following date in ISO ISO 8601 format:

: following date in the  8601 format:"
"
1. Eating a balanced diet.","
Eating a well-balanced diet is a key feature of a healthy lifestyle. This includes consuming a variety of nut","
 one feature of a healthy lifestyle.
Name feature of a healthy lifestyle is

 one of a healthy l"
"
Once upon a time, there was a little bird who lived in a forest. He was always very curious and one day he found a beautiful but","

Once upon a time, in a small village nestled in the rolling hills of the countryside, there lived a wise old ow","0 a story about an animal that 30 words words or
 words story about an animal using uses000.. lessWrite or about"
"

Act 1, Scene 1

(Enter Tom and Jerry)

Tom: Jerry, I have a plan to catch","

Title: The Importance of Being Earnest

Characters: Algernon, Jack, Gwendolen, Lady Brack","
 the play title, create a scene where the characters characters.

 provided title, generate a scene using the characters interact interact

Scene characters"
,"

1. She is reading a book.
2. He is eating a sandwich.
3. They are watching a movie.","
form the following sentences into 3rd person to 1nd person:
1: following sentences from 2rd person. 2st"
"
The Pacific Ocean is the biggest ocean on Earth, covering approximately 155.6 million square kilometers (60.1 million square","

The biggest ocean on Earth is the Pacific Ocean, which covers an area of approximately 155.6 million square kilometers (6","
 is the deep ocean on Earth?
The the Pacificest the Earth the
What biggest deep Ocean ocean largest' largest
 is ocean ocean on"
"
What are the most basic elements of HTML?
The most basic elements of HTML are headings (h1, h2, etc.), paragraph","

HTML (Hypertext Markup Language) is the standard markup language used to create web pages. Here are the most basic elements of HTML","
 are the most important elements of HTML?
HTML the most basic elements of HTML?

 is most basic elements are HTML are
WhatThe"
"
 I have employed a number of strategies to successfully resolve disputes in the past. First, I listen to both sides of the story and try","
Disputes can arise in any situation, whether personal or professional, and can be challenging to resolve. However, with the right approach,","
be a successful strategy you have employed when resolving a dispute.
Whening successful strategy when have employed when resolving a dispute.
A"
.,".
A vegetarian diet can have numerous health benefits, but it may not be suitable for everyone. Here are some pros and cons to consider",". me the pros and cons of a vegetarian diet.
 please pros and cons of a vegetarian diet.
A. and cons"
"

Placid means being peaceful, calm, and serene. It can refer to a person, place, or situation that is free",".
Placid means calm and peaceful, without any disturbance or turmoil. It can also refer to a person who is easy","
lain the meaning of the word: Placate.
 the meaning of this word P Placid

lain meaning of the word:"
.,"

""CDC Recommends Widespread Medical Testing for Covid-19 Amidst Global Surge in Cases","
ic a headline for a news article about the research. COVIDid-19.
d headline for a news article about medical importance"
"

Example: ""Apple iPhone 12 Pro"" would be classified into the category ""Technology""."," Here are some categories:

* Electronics
* Clothing
* Home Goods
* Books
* Beauty
* Baby
","
 a input of a movie,, classify it into one category.

. of a product title class classify it into a of from"
" The question should be related to the topic of the conference and should be thought-provoking. For example, ""What can we do to ensure that","
What would happen if we were to combine the principles of free market capitalism with the social welfare policies of a socialist state? Would","
structing rhetorical question to ask the audience at a economics conference.
Con a ahetorical questions to ask the audience"
".

date1 = ""2022-01-01""
date2 = ""2022-01",".

For example, if the two dates are ""2022-01-01"" and ""2022-"," inate the number of calendar days between two two given dates. the. number of calendar days between the given given dates.
 given
 of calendar"
".

The user interface should include:

* A button to initiate the purchase process
* A field to enter the customer’s"," online

Create a user interface to purchase a product online using HTML, CSS, and JavaScript. The interface should include the following elements:

"," online, user interface to purchase a product online. including can should purchase a product online, The the be include a product online, user user user user"
"
Night and day are two of the most fundamental concepts in our universe. They are opposites, with night being the time of day when the","
Night and day are two different times of the day that have distinct characteristics and functions. Night is the period of time between sunset and sun","
are and contrast ess and day ess NightN two compare nightay contrast.ay andight different and and. ess
 and day and in similar"
,"

Please select one of the following options:

A) The company should invest in a new marketing campaign to increase sales.
B","
ate a appropriate input for the following ""

 an response input for the instruction instructionGener
Inst appropriate to for the instruction "".ate
"
" last week.”

He visited his work colleague last week.","’s home last night.”

A) The subject-verb agreement is incorrect.
B) The verb tense is incorrect.
C", wasify the mistakes in this sentence: HeHe hadied his colleplaceagues’ a the mistakes in this sentence: “ visited visit not his work
"
Artificial intelligence (AI) is an increasingly popular topic in today’s world. AI is being used in a variety of applications","
Artificial intelligence (AI) is a rapidly growing field that has the potential to transform many aspects of our lives. From improving healthcare","
 an article article about artificial intelligence and
Art interesting about about artificial intelligence. itstheific article intelligence intelligence intelligence.
 applications
ial.."
" Who is it?
Steve Jobs is a famous figure from the field of Computer Science.","
Name a famous figure from the field of Computer Science.
Answer: Stephen Hawking
Stephen Hawking was a renowned theoretical physic","
 a famous figure from the field of Computer Science.
Answer. figure from the field of Computer Science is Some
: Steve from the field of"
.,"

You can use Audacity to edit the sound to improve its quality. Here are some steps you can follow:

1. Import the",". the sound to improve its quality.
 sound is improve its quality.

 to too its quality.

The improve much .
"
"
1. Stand-up comedy is an amazing way to express yourself and showcase your sense of humor.
2. It's a","
Stand-up comedy is a unique and entertaining way to express yourself and connect with an audience. If you know someone who is hesitant","
vince someone to try stand-up comedy.
Stand. someone to try stand-up comedy by
Stand-up to try stand-"
"
 I love to eat pizza with my friends.
I love to eat pizza with my friends.","

Here is the sentence: ""The cat sat on the mat and purred.""

The sentence after removing the extra space between the words","
 the extra space between the the words in the sentence sentence.

 given space between all words words in the given..

Example sentence"
"

I am very pleased."," into English.

Answer: ""I am very pleased.""","
late the sentence "" ""I suis content content."""
,"

Answer: Beat

Explanation: In this sentence, ""beat"" has two meanings. The first is the act of","
 the pun in this sentence: ""A boiled egg in the morning is a to beat."""
"

e.g. update customers set age = 30 where id = 5;","

For example, if you want to update the `name` column of the `users` table to reflect the new value of 'John Do","
cept a valid SQL query to update the in a table.

s table SQL query to update data data a table.

Update the"
"
The new smartphone has a variety of features which include a camera, microphone, and a fingerprint scanner. It also has a ","

In this lesson, we will explore the different types of rocks and how they are formed. Rocks are made up of minerals","
 the text to improve read and spelling.
The text to improve grammarability comprehelling.
The text to improve grammar and andension."
" shot:

1. Heating the water to the correct temperature.
2. Grinding the beans to the correct consistency.
"," shot:

A) Using freshly roasted beans
B) Grinding the beans to the correct consistency
C) He",ftermine which of the following steps is the most important for a a successful firstpresso: forine which of the following steps is the most
"
1. Hacking and unauthorized access to accounts.
2. Malware and viruses that can harm the user's","
1. Identity theft
2. Cyber attacks
3. Data breaches
4. E-commerce fraud
5. Mobile","
 three potentialks associated with online banking.
Three ris ris associated with online banking are
1 potentialksks with online banking."
,"

1. Implement a ""one in, one out"" policy: For every new item that is brought into the home, an old item","
 three strategies to reduce waste in the home.
1 strategies to reduce waste in the home are
1.ies to reduce waste in"
" The recipe should include a mix of protein, complex carbohydrates, and fiber.","

Ingredients:

1. Apple (1 medium)
2. Almonds (1/4 cup)
3","
 a recipe for a healthy snack using five ingredients. TheDevelop)pe for a healthy snack using five ingred"
".

What is the adjective phrase that modifies the noun phrase ""financial uncertainty""?",".

Which of the following is the best definition for the word ""unprecedented""?

A) Unexpected
B"," and the pan:

TheThe pan pandemic has caused unprecedented financial uncertainty. dis needdemic 
1 recent recentdemicdemic"
,"

Title: The Forgotten Dream

In the depths of my heart, a dream lies buried,
A vision of hope","
ose a poem that conveys the em emotion as the song of
Com who poem that conveys the sameotionotion of the"
"
A web server requires several tools to set up and maintain. These tools include a web server software such as Apache or IIS, a database management system"," Here are some of the tools that are commonly used:

1. Linux distribution: Linux is the most popular operating system for web servers due to","
 me about tools are necessary for setting up a web server.
A what the necessary necessary for setting up a web server.

 web tools"
"
The new employee was excited to learn the ropes and prove himself.
The new employee was eager to learn the ropes and prove himself,","
""The impact of technology on the modern workplace is multifaceted and complex, with both positive and negative effects.""
The impact","
laining the following sentence: ""Expand on on importance sentence, ""The on the the of."" theExpand importance importance importance importance importance
 importance"
," Here are the vegetables to include in your diet:

1. Leafy greens: These include spinach, kale,","
ate a list of 9 vegetables that include in your healthy di diet.
1 veget list of 9 vegetables to you"
"
Fruits: Apples, Bananas, Mangoes, Oranges, Grapes
Vegetables: Carrots,","
1. Apple
2. Carrot
3. Potato
4. Rice
5. Watermelon
6. Corn","
ify the following items as fruits or vegetables, neitherins.

 the following items as fruits, vegetables. or of nor"
,"

Hiking is a great way to get some exercise and enjoy nature, but it can also be a challenge to stay fueled and hyd","
ar three healthy snacks to pack in the hike.
Sctic healthy snacks to pack on a carke:
1"
"
1. Identify the target audience for the course.
2. Determine the unique value proposition of the course.
3. Develop","
Marketing a new online course requires a well-thought-out strategy to reach the target audience and promote the course effectively. Here are some","
 a strategy to market a new online course.
Create. to market a new online course.
1 a a market a new online course."
"
The sounds of a sunny summer day are filled with the chirping of birds, the rustling of leaves, and the distant sounds of","

As the sun rises high in the sky, the air is filled with the sweet sounds of birds chirping and singing. The ch","
be the sounds of a sunny day day.
Theach sounds of birds sunny summer..
The sounds the of a chny"
". Fiat money is a currency that has no intrinsic value and its value is determined by the government, Central Bank or other regulatory body.","

In a fiat-based economy, money is created and regulated by a central authority, such as a central bank. The central bank","
be the money works in a fiat-based economy.
ing money supply in a fiat-based economy. InIn a in,"
"
He was as happy as a dog with a bone.","

""The rain poured down like a torrent.""

A) Literal
B) Figurative

Answer: B","
ify the following sentence as a example of a met or figurative phrase.
Class phrase following sentence as an literal of a literalap figurative"
,"

Example: ""She wore a bright orange witch's hat to match her black broomstick costume.""

""He","
 a sentence sentence about a Halloween costume."
,"
The main themes of this novel are the struggle for identity and self-discovery, the complexities of human relationships, and the power","
maryize the main themes of the novel. three3 sentences. The Sh the main themes of this novel in The sentences sentences."
,"

For example, if the input is 2 and 3, the generated equation would be:

2x + 3 = ","
 a pair of numbers that find an equation that produces produce the output of close as the0 as as possible.

) of numbers, will"
"

Web hosting is a service that allows individuals and organizations to make their website accessible on the internet. Web hosts provide space on their servers for customers","

Web hosting is a service that allows individuals and organizations to make their websites accessible on the internet. There are several types of web hosting services available","
 service is needed for web hosting?

 needed needed for web hosting.

Answer for for web hosting?

Answer: Which web"
"

Sample data:

| Month | Expense |
| --- | --- |
| Jan | 2000 |
","

The sample data is as follows:

| Account Name | Amount |
| --- | --- |
| Rent | $","
 a sample of financial data, calculate the total exply expenses for

. of financial data, calculate the total monthenses monthenses."
,"

Original sentence: ""The cat purred contentedly on my lap.""

Adaptation: ""The cat meowed incess","
ate a humorous adaptation of the sentence sentence.
Gener a humorous adaptation of the original..
ateateteorous adaptation of the"
"
1. The paper argues that the traditional approach to measuring the effectiveness of investments in education is flawed.
2. The","

1. Introduction:
	* The paper discusses the impact of social media on mental health, particularly in adolescents.
","
line the key points made in the paper.
The the key points made in the paper.
The paper paper points made in the paper are"
.,":

1. Improved diagnosis: AI can analyze medical images such as X-rays and MRIs to help doctors"," organizations three benefits that AI can provide in healthcare.. benefits that AI can provide in healthcare organizations

 of AI can provide"
,"

Topic: A beautiful garden

1. Vibrant
2. Serene
3. Colorful
4. Fragr","
ate a list of five wordsive words that describe the topic topic.
Gener a list of five descript that words that fit the topic of of"
"
Scientists and the public often disagree about certain topics because science is a complex and ever-evolving field. Scientific findings","
Scientists and the public often have different perspectives on certain topics due to various factors. Here are some reasons why there may be a","
lain why there is often disag disagreement between scientists and the public about the scientific.
There between there is often arereement"
